barquette;12;Coupe à dessert plastique
bouilloire;31;https://static.bhv.fr/media/3004055/300405539425/G_300405539425_230_VPM_1.jpg
bouteille;5;https://www.alinea.com/fstrz/r/s/www.alinea.com/dw/image/v2/BCKM_PRD/on/demandware.static/-/Sites-ali_master/default/dw6a5d0fb0/images/26508887/BOUTEILLE-JUAN-26508887-F-1.jpg?sw=982&sh=982&sm=fit&sfrm=png&bgcolor=eef1eb&frz-v=77
bouilloire;30;https://static.bhv.fr/media/3004055/300405539391/G_300405539391_401_VPM_1.jpg
bouilloire;34;https://static.bhv.fr/media/3004055/300405539655/G_300405539655_230_VPM_1.jpg
cafetiere;36;https://www.laredoute.fr/ppdp/prod-500991983.aspx#shoppingtool=treestructureguidednavigation
carafe_et_pichet;21;Une texture bullée réalisée dans la matière, une forme tout en rondeur qui mêle de jolies tonalités passant d'une transparence cristalline aux teintes plus contemporaines, on craque ! Cette carafe de qualité apporte du pep's à la table.
coquetier;29;https://www.nordicnest.fr/assets/blobs/by-on-coquetier-benedict-blanc-coquetiers/43244-01-01-d68cc034e0.jpg?preset=tiny&dpr=1.5
coquetier;28;https://www.nordicnest.fr/assets/blobs/alessi-coquetier-roost-lot-de-2-aluminium-coquetiers/p_30883-01-01-395d80c6ed.jpg?preset=tiny&dpr=1.5
bouilloire;33;https://static.bhv.fr/media/3004055/300405539399/G_300405539399_691_VPM_1.jpg
couvert_a_salade;0;https://cdn.laredoute.com/products/a/3/0/a3048c21ef0c67edca4da424bf28a3c2.jpg?imgopt=twic&twic=v1/resize=400
coquetier;26;https://www.nordicnest.fr/assets/blobs/serax-coquetier-peking-duck-foot-blanc-coquetiers/42824-01-01-5b90e08491.jpg?preset=tiny&dpr=1.5
bouilloire;27;https://static.bhv.fr/media/3004055/300405539421/G_300405539421_230_VPM_1.jpg
couvert_a_salade;16;https://cdn.laredoute.com/products/f/a/e/fae62ed51825243ed4429708df9d9f3d.jpg?imgopt=twic&twic=v1/cover=250x250
dessert;38;https://www.alinea.com/fstrz/r/s/www.alinea.com/dw/image/v2/BCKM_PRD/on/demandware.static/-/Sites-ali_master/default/dw85ac4e5b/images/27190524/ASSIETTE-MORA-27190524-F-1.jpg?sw=982&sh=982&sm=fit&sfrm=png&bgcolor=eef1eb&frz-v=77
dessous_de_plat;35;https://medias.maisonsdumonde.com/images/q_auto,f_auto/w_1000/mkp/M21003398_1/dessous-plat-en-silicone-jaune.jpg
dessous_de_plat;37;https://medias.maisonsdumonde.com/images/q_auto,f_auto/w_1000/mkp/M21002127_1/dessous-de-plat-en-bois-nuit.jpg
dessous_de_plat;36;https://medias.maisonsdumonde.com/images/q_auto,f_auto/w_1000/mkp/M21002175_1/dessous-de-plat-en-bois-femme-fleur.jpg
service;35;https://www.alinea.com/fstrz/r/s/www.alinea.com/dw/image/v2/BCKM_PRD/on/demandware.static/-/Sites-ali_master/default/dw1dcdb5e3/images/80000147/VIC-80000147-A-1.jpg?sw=982&sh=982&sm=fit&sfrm=png&bgcolor=eef1eb&frz-v=78
service;29;https://www.alinea.com/fstrz/r/s/www.alinea.com/dw/image/v2/BCKM_PRD/on/demandware.static/-/Sites-ali_master/default/dw987fa71d/images/27180341/ASSIETTE-POUDHA-27180341-A-1.jpg?sw=982&sh=982&sm=fit&sfrm=png&bgcolor=eef1eb&frz-v=78
service;14;https://www.alinea.com/fstrz/r/s/www.alinea.com/dw/image/v2/BCKM_PRD/on/demandware.static/-/Sites-ali_master/default/dwb6bfc036/images/80000140/SENANQUE-80000140-A-1.jpg?sw=982&sh=982&sm=fit&sfrm=png&bgcolor=eef1eb&frz-v=78
saliere_poivriere;14;https://medias.maisonsdumonde.com/images/q_auto,f_auto/w_1000/mkp/M21053737_1/moulin-a-poivre-bois-noir-mat-h8cm.jpg
set_de_table;8;https://www.alinea.com/fstrz/r/s/www.alinea.com/dw/image/v2/BCKM_PRD/on/demandware.static/-/Sites-ali_master/default/dw14544075/images/27312667/SET-SHILA-27312667-F-1.jpg?sw=982&sh=982&sm=fit&sfrm=png&bgcolor=eef1eb&frz-v=75
set_de_table;9;https://www.alinea.com/fstrz/r/s/www.alinea.com/dw/image/v2/BCKM_PRD/on/demandware.static/-/Sites-ali_master/default/dw13415773/images/27300541/SET-SANAS-27300541-F-1.jpg?sw=982&sh=982&sm=fit&sfrm=png&bgcolor=eef1eb&frz-v=75
set_de_table;10;https://www.alinea.com/fstrz/r/s/www.alinea.com/dw/image/v2/BCKM_PRD/on/demandware.static/-/Sites-ali_master/default/dwfd2dde97/images/26600383/SET-DE-TABLE-VIGNE-26600383-F-1.jpg?sw=982&sh=982&sm=fit&sfrm=png&bgcolor=eef1eb&frz-v=75
set_de_verrerie;0;https://cdn.laredoute.com/products/6/c/3/6c32384a15a4f88c55be4c1cde1a1262.jpg?imgopt=twic&twic=v1/cover=400x400
set_de_verrerie;1;https://cdn.laredoute.com/products/4/9/9/49968ff8decaba15aa0df55c5ef8ae09.jpg?imgopt=twic&twic=v1/cover=400x400
set_de_verrerie;2;https://cdn.laredoute.com/products/1/6/9/169487b38561fa530a43928d4fec23d3.jpg?imgopt=twic&twic=v1/cover=400x400
set_de_verrerie;3;https://cdn.laredoute.com/products/3/b/f/3bf3170de6bad2153fb796468683dac4.jpg?imgopt=twic&twic=v1/cover=250x250
set_de_verrerie;4;https://cdn.laredoute.com/products/0/b/5/0b5081d17121027b8ac4dd0c4423f049.jpg?imgopt=twic&twic=v1/cover=250x250
saliere_poivriere;30;https://medias.maisonsdumonde.com/images/q_auto,f_auto/w_1000/mkp/M21039101_1/moulin-a-sel-manuel-en-bois-et-acryl-couleur-praline-h14cm.jpg
set_de_verrerie;29;https://cdn.laredoute.com/products/e/9/7/e975e9b883d027ff04ee9106df92f302.jpg?imgopt=twic&twic=v1/cover=250x250
tasse;0;https://www.alinea.com/fstrz/r/s/www.alinea.com/dw/image/v2/BCKM_PRD/on/demandware.static/-/Sites-ali_master/default/dw7c7394fe/images/24667364/Tasse-sous-tasse-Eto-24667364-F-1.jpg?sw=982&sh=982&sm=fit&sfrm=png&bgcolor=eef1eb&frz-v=75
tasse;1;https://www.alinea.com/fstrz/r/s/www.alinea.com/dw/image/v2/BCKM_PRD/on/demandware.static/-/Sites-ali_master/default/dw7c7394fe/images/24667364/Tasse-sous-tasse-Eto-24667364-F-1.jpg?sw=982&sh=982&sm=fit&sfrm=png&bgcolor=eef1eb&frz-v=75
tasse;4;https://www.alinea.com/fstrz/r/s/www.alinea.com/dw/image/v2/BCKM_PRD/on/demandware.static/-/Sites-ali_master/default/dw4a48ed09/images/26177113/VERRE-BELDI-26177113-F-1.jpg?sw=982&sh=982&sm=fit&sfrm=png&bgcolor=eef1eb&frz-v=75
tasse;5;https://www.alinea.com/fstrz/r/s/www.alinea.com/dw/image/v2/BCKM_PRD/on/demandware.static/-/Sites-ali_master/default/dwe9f70041/images/27032886/Tasse-expresso-Cafi-27032886-F-1.jpg?sw=982&sh=982&sm=fit&sfrm=png&bgcolor=eef1eb&frz-v=75
tasse;8;https://www.alinea.com/fstrz/r/s/www.alinea.com/dw/image/v2/BCKM_PRD/on/demandware.static/-/Sites-ali_master/default/dw7e695083/images/26508382/TASSE-TARA-26508382-F-1.jpg?sw=982&sh=982&sm=fit&sfrm=png&bgcolor=eef1eb&frz-v=75
tasse;9;https://www.alinea.com/fstrz/r/s/www.alinea.com/dw/image/v2/BCKM_PRD/on/demandware.static/-/Sites-ali_master/default/dw05a1cd89/images/27376683/TASSE-27CL-MARIN-27376683-F-1.jpg?sw=982&sh=982&sm=fit&sfrm=png&bgcolor=eef1eb&frz-v=75
tasse;10;https://www.alinea.com/fstrz/r/s/www.alinea.com/dw/image/v2/BCKM_PRD/on/demandware.static/-/Sites-ali_master/default/dw9e000df6/images/27013700/tasse-expresso-CAFI-27013700-F-1.jpg?sw=982&sh=982&sm=fit&sfrm=png&bgcolor=eef1eb&frz-v=75
tasse;11;https://www.alinea.com/fstrz/r/s/www.alinea.com/dw/image/v2/BCKM_PRD/on/demandware.static/-/Sites-ali_master/default/dwc8321c44/images/26513904/TASSE-SENANQUE-26513904-F-1.jpg?sw=982&sh=982&sm=fit&sfrm=png&bgcolor=eef1eb&frz-v=75
tasse;12;https://www.alinea.com/fstrz/r/s/www.alinea.com/dw/image/v2/BCKM_PRD/on/demandware.static/-/Sites-ali_master/default/dwebb5b945/images/27013427/tasse-expresso-CAFI-27013427-F-1.jpg?sw=982&sh=982&sm=fit&sfrm=png&bgcolor=eef1eb&frz-v=75
tasse;13;https://www.alinea.com/fstrz/r/s/www.alinea.com/dw/image/v2/BCKM_PRD/on/demandware.static/-/Sites-ali_master/default/dw54894dc5/images/27013465/tasse-expresso-CAFI-27013465-F-1.jpg?sw=982&sh=982&sm=fit&sfrm=png&bgcolor=eef1eb&frz-v=75
tasse;14;https://www.alinea.com/fstrz/r/s/www.alinea.com/dw/image/v2/BCKM_PRD/on/demandware.static/-/Sites-ali_master/default/dwea13114f/images/27032947/Tasse-expresso-Cafi-27032947-F-1.jpg?sw=982&sh=982&sm=fit&sfrm=png&bgcolor=eef1eb&frz-v=75
tasse;15;https://www.alinea.com/fstrz/r/s/www.alinea.com/dw/image/v2/BCKM_PRD/on/demandware.static/-/Sites-ali_master/default/dwbc44c6e0/images/26513928/SOUS-TASE-SENANQUE-26513928-F-1.jpg?sw=982&sh=982&sm=fit&sfrm=png&bgcolor=eef1eb&frz-v=75
tasse;16;https://www.alinea.com/fstrz/r/s/www.alinea.com/dw/image/v2/BCKM_PRD/on/demandware.static/-/Sites-ali_master/default/dw582ca7ae/images/26909073/Coffret-ALCENE-26909073-F-1.jpg?sw=982&sh=982&sm=fit&sfrm=png&bgcolor=eef1eb&frz-v=75
theiere;0;https://static.bhv.fr/media/493/49393723/G_49393723_101_VPM_1.jpg
set_de_couverts;1;https://cdn.habitat.fr/thumbnails/product/1333/1333377/box/360/360/0/F4F4F4/lot-de-6-cuilleres-a-cafe-en-bois-de-pakka-multicolore_1333377.jpg
tasse;2;https://www.alinea.com/fstrz/r/s/www.alinea.com/dw/image/v2/BCKM_PRD/on/demandware.static/-/Sites-ali_master/default/dwc94876a2/images/27141229/TASSE-AZE-27141229-F-1.jpg?sw=982&sh=982&sm=fit&sfrm=png&bgcolor=eef1eb&frz-v=75
theiere;1;https://static.bhv.fr/media/633/63371854/G_63371854_85_VPM_1.jpg
tasse;7;https://www.alinea.com/fstrz/r/s/www.alinea.com/dw/image/v2/BCKM_PRD/on/demandware.static/-/Sites-ali_master/default/dw1ba2d86a/images/26849102/TASSES-SICHUAN-26849102-F-1.jpg?sw=982&sh=982&sm=fit&sfrm=png&bgcolor=eef1eb&frz-v=75
theiere;2;https://static.bhv.fr/media/725/72575748/G_72575748_119_VPM_1.jpg
theiere;3;https://static.bhv.fr/media/453/45350702/G_45350702_401_VPM_1.jpg
theiere;4;https://static.bhv.fr/media/991/99104267/G_99104267_378_VPM_1.jpg
theiere;6;https://static.bhv.fr/media/991/99104788/G_99104788_378_VPM_1.jpg
theiere;5;https://static.bhv.fr/media/647/64737151/G_64737151_85_VPM_1.jpg
theiere;10;https://static.bhv.fr/media/266/26637884/G_26637884_101_VPM_1.jpg
theiere;9;https://static.bhv.fr/media/564/56463423/G_56463423_453_VPM_1.jpg
theiere;12;https://static.bhv.fr/media/790/79054274/G_79054274_85_VPM_1.jpg
theiere;11;https://static.bhv.fr/media/991/99104069/G_99104069_378_VPM_1.jpg
theiere;13;https://static.bhv.fr/media/684/68451273/G_68451273_320_VPM_1.jpg
theiere;14;https://static.bhv.fr/media/546/54668234/G_54668234_444_VPM_1.jpg
theiere;16;https://static.bhv.fr/media/725/72575807/G_72575807_211_VPM_1.jpg
theiere;15;https://static.bhv.fr/media/790/79054261/G_79054261_230_VPM_1.jpg
theiere;18;https://static.bhv.fr/media/298/29833811/G_29833811_320_VPM_1.jpg
theiere;19;https://static.bhv.fr/media/633/63376571/G_63376571_320_VPM_1.jpg
theiere;17;https://static.bhv.fr/media/710/71085400/G_71085400_320_VPM_1.jpg
theiere;20;https://static.bhv.fr/media/582/58241979/G_58241979_320_VPM_1.jpg
theiere;21;https://static.bhv.fr/media/790/79054272/G_79054272_378_VPM_1.jpg
theiere;22;https://static.bhv.fr/media/725/72575809/G_72575809_140_VPM_1.jpg
theiere;24;https://static.bhv.fr/media/298/29833571/G_29833571_378_VPM_1.jpg
theiere;23;https://static.bhv.fr/media/633/63376580/G_63376580_85_VPM_1.jpg
theiere;25;https://static.bhv.fr/media/704/70469612/G_70469612_263_VPM_1.jpg
theiere;26;https://static.bhv.fr/media/756/75608228/G_75608228_60_VPM_1.jpg
theiere;27;https://static.bhv.fr/media/633/63376577/G_63376577_85_VPM_1.jpg
theiere;30;https://static.bhv.fr/media/3004038/300403878563/G_300403878563_444_VPM_1.jpg
theiere;31;https://static.bhv.fr/media/713/71302885/G_71302885_329_VPM_1.jpg
theiere;32;https://static.bhv.fr/media/704/70469610/G_70469610_401_VPM_1.jpg
theiere;33;https://static.bhv.fr/media/704/70469608/G_70469608_256_VPM_1.jpg
theiere;28;https://static.bhv.fr/media/3004035/300403513319/G_300403513319_85_VPM_1.jpg
theiere;29;https://static.bhv.fr/media/763/76317722/G_76317722_60_VPM_1.jpg
theiere;34;https://static.bhv.fr/media/3004060/300406080107/G_300406080107_230_VPM_1.jpg
theiere;37;https://static.bhv.fr/media/763/76328245/G_76328245_444_VPM_1.jpg
verre_a_eau;8;https://static.bhv.fr/media/3004022/300402282544/G_300402282544_444_VPM_1.jpg
verre_a_eau;11;https://static.bhv.fr/media/3004032/300403257532/G_300403257532_444_VPM_1.jpg
theiere;35;https://static.bhv.fr/media/317/31722033/G_31722033_178_VPM_1.jpg
verre_a_eau;13;https://static.bhv.fr/media/3004041/300404147339/G_300404147339_444_VPM_1.jpg
verre_a_eau;12;https://static.bhv.fr/media/3004060/300406088722/G_300406088722_444_VPM_1.jpg
verre_a_eau;16;https://static.bhv.fr/media/3004051/300405140175/G_300405140175_444_VPM_1.jpg
verre_a_eau;15;https://static.bhv.fr/media/372/37295603/G_37295603_444_VPM_1.jpg
verre_a_eau;14;https://static.bhv.fr/media/3004049/300404905123/G_300404905123_85_VPM_1.jpg
verre_a_eau;17;https://static.bhv.fr/media/3004046/300404625006/G_300404625006_230_VPM_1.jpg
verre_a_eau;18;https://static.bhv.fr/media/3004038/300403891304/G_300403891304_306_VPM_1.jpg
verre_a_eau;20;https://static.bhv.fr/media/787/78704075/G_78704075_378_VPM_1.jpg
verre_a_eau;19;https://static.bhv.fr/media/262/26207732/G_26207732_444_VPM_1.jpg
verre_a_eau;22;https://static.bhv.fr/media/787/78704069/G_78704069_378_VPM_1.jpg
verre_a_eau;23;https://static.bhv.fr/media/3004052/300405211350/G_300405211350_444_VPM_1.jpg
verre_a_eau;21;https://static.bhv.fr/media/787/78704063/G_78704063_378_VPM_1.jpg
verre_a_eau;29;https://static.bhv.fr/media/3004060/300406078664/G_300406078664_191_VPM_1.jpg
verre_a_eau;28;https://static.bhv.fr/media/3004060/300406079458/G_300406079458_278_VPM_1.jpg
verre_a_eau;27;https://static.bhv.fr/media/3004021/300402155205/G_300402155205_401_VPM_1.jpg
verre_a_eau;30;https://static.bhv.fr/media/609/60959542/G_60959542_230_VPM_1.jpg
verre_a_eau;31;https://static.bhv.fr/media/3004031/300403171287/G_300403171287_191_VPM_1.jpg
verre_a_eau;34;https://static.bhv.fr/media/3004060/300406079465/G_300406079465_320_VPM_1.jpg
verre_a_eau;32;https://static.bhv.fr/media/609/60959546/G_60959546_101_VPM_1.jpg
verre_a_eau;36;https://static.bhv.fr/media/3004047/300404784530/G_300404784530_444_VPM_1.jpg
verre_a_eau;37;https://static.bhv.fr/media/3004060/300406078664/G_300406078664_401_VPM_1.jpg
verre_a_eau;33;https://static.bhv.fr/media/3004060/300406079464/G_300406079464_230_VPM_1.jpg
verre_a_eau;35;https://static.bhv.fr/media/3004060/300406079466/G_300406079466_230_VPM_1.jpg
verre_a_eau;38;https://static.bhv.fr/media/3004020/300402045369/G_300402045369_444_VPM_1.jpg
verre_a_vin;1;https://static.bhv.fr/media/3004051/300405140091/G_300405140091_444_VPM_1.jpg
verre_a_vin;0;https://static.bhv.fr/media/363/36354322/G_36354322_378_VPM_1.jpg
verre_a_vin;2;https://static.bhv.fr/media/434/43405752/G_43405752_378_VPM_1.jpg
verre_a_vin;3;https://static.bhv.fr/media/790/79033061/G_79033061_356_VPM_1.jpeg
verre_a_vin;4;https://static.bhv.fr/media/139/13969365/G_13969365_85_VPM_1.jpg
verre_a_vin;5;https://static.bhv.fr/media/526/52638835/G_52638835_444_VPM_1.jpg
verre_a_vin;7;https://static.bhv.fr/media/774/77453318/G_77453318_444_VPM_1.jpg
verre_a_vin;6;https://static.bhv.fr/media/774/77453320/G_77453320_444_VPM_1.jpg
verre_a_vin;10;https://static.bhv.fr/media/278/27852368/G_27852368_378_VPM_1.jpg
verre_a_vin;9;https://static.bhv.fr/media/3004060/300406078623/G_300406078623_444_VPM_1.jpg
verre_a_vin;8;https://static.bhv.fr/media/278/27852372/G_27852372_378_VPM_1.jpg
verre_a_vin;12;https://static.bhv.fr/media/774/77453300/G_77453300_444_VPM_1.jpg
verre_a_vin;11;https://static.bhv.fr/media/3004008/300400890117/G_300400890117_230_VPM_1.jpg
verre_a_vin;13;https://static.bhv.fr/media/3004052/300405211310/G_300405211310_444_VPM_1.jpg
verre_a_eau;10;https://static.bhv.fr/media/691/69199333/G_69199333_306_VPM_2.jpg
verre_a_vin;16;https://static.bhv.fr/media/363/36354397/G_36354397_378_VPM_1.jpg
verre_a_vin;15;https://static.bhv.fr/media/363/36353787/G_36353787_378_VPM_1.jpg
verre_a_vin;17;https://static.bhv.fr/media/817/81762300/G_81762300_444_VPM_1.jpg
verre_a_vin;14;https://static.bhv.fr/media/3004052/300405211312/G_300405211312_444_VPM_1.jpg
verre_a_vin;18;https://static.bhv.fr/media/794/79428600/G_79428600_444_VPM_1.jpg
verre_a_vin;20;https://static.bhv.fr/media/3004052/300405211314/G_300405211314_444_VPM_1.jpg
verre_a_vin;19;https://static.bhv.fr/media/278/27852377/G_27852377_378_VPM_1.jpg
verre_a_vin;21;https://static.bhv.fr/media/3004052/300405211329/G_300405211329_444_VPM_1.jpg
verre_a_vin;23;https://static.bhv.fr/media/3004060/300406075750/G_300406075750_444_VPM_1.jpg
verre_a_vin;24;https://static.bhv.fr/media/707/70745273/G_70745273_444_VPM_1.jpg
verre_a_vin;22;https://static.bhv.fr/media/774/77453297/G_77453297_444_VPM_1.jpg
verre_a_vin;28;https://static.bhv.fr/media/3004052/300405211342/G_300405211342_444_VPM_1.jpg
verre_a_vin;29;https://static.bhv.fr/media/3004060/300406078606/G_300406078606_444_VPM_1.jpg
verre_a_vin;25;https://static.bhv.fr/media/3004052/300405211325/G_300405211325_444_VPM_1.jpg
verre_a_vin;27;https://static.bhv.fr/media/570/57010742/G_57010742_444_VPM_1.jpg
verre_a_vin;26;https://static.bhv.fr/media/3004060/300406075752/G_300406075752_444_VPM_1.jpg
verre_a_vin;30;https://static.bhv.fr/media/444/44444017/G_44444017_444_VPM_1.jpg
verre_a_vin;31;https://static.bhv.fr/media/3004060/300406079392/G_300406079392_444_VPM_1.jpg
verre_a_vin;33;https://static.bhv.fr/media/710/71085491/G_71085491_444_VPM_1.jpg
verre_a_vin;32;https://static.bhv.fr/media/705/70581932/G_70581932_230_VPM_1.jpg
verre_a_vin;35;https://static.bhv.fr/media/3004060/300406079390/G_300406079390_230_VPM_1.jpg
verre_a_vin;34;https://static.bhv.fr/media/3004060/300406079391/G_300406079391_230_VPM_1.jpg
verre_a_vin;36;https://static.bhv.fr/media/3004060/300406079393/G_300406079393_444_VPM_1.jpg
verre_a_vin;37;https://static.bhv.fr/media/623/62308552/G_62308552_453_VPM_1.jpg
verre_a_vin;38;https://static.bhv.fr/media/3004060/300406078614/G_300406078614_444_VPM_1.jpg
verre_specifique;0;https://static.bhv.fr/media/581/58127906/G_58127906_444_VPM_1.jpg
verre_specifique;2;https://static.bhv.fr/media/621/62176096/G_62176096_444_VPM_1.jpg
verre_specifique;1;https://static.bhv.fr/media/318/31819930/G_31819930_378_VPM_1.jpg
verre_specifique;4;https://static.bhv.fr/media/633/63371869/G_63371869_444_VPM_1.jpg
verre_specifique;5;https://static.bhv.fr/media/399/39984806/G_39984806_444_VPM_1.jpg
verre_specifique;7;https://static.bhv.fr/media/406/40690892/G_40690892_378_VPM_1.jpg
verre_specifique;6;https://static.bhv.fr/media/3004051/300405186891/G_300405186891_444_VPM_1.jpg
verre_specifique;3;https://static.bhv.fr/media/762/76232939/G_76232939_444_VPM_1.jpg
verre_specifique;10;https://static.bhv.fr/media/3004018/300401807476/G_300401807476_444_VPM_1.jpg
verre_specifique;12;https://static.bhv.fr/media/705/70521936/G_70521936_497_VPM_1.jpg
verre_specifique;13;https://static.bhv.fr/media/710/71085485/G_71085485_444_VPM_1.jpg
verre_specifique;8;https://static.bhv.fr/media/3004051/300405186893/G_300405186893_444_VPM_1.jpg
verre_specifique;9;https://static.bhv.fr/media/611/61110994/G_61110994_444_VPM_3.png
verre_specifique;11;https://static.bhv.fr/media/705/70521933/G_70521933_101_VPM_1.jpg
verre_specifique;14;https://static.bhv.fr/media/710/71085482/G_71085482_444_VPM_1.jpg
verre_specifique;15;https://static.bhv.fr/media/3004059/300405937261/G_300405937261_230_VPM_1.jpg
verre_specifique;16;https://static.bhv.fr/media/583/58307573/G_58307573_444_VPM_1.jpg
verre_specifique;17;https://static.bhv.fr/media/3004018/300401807514/G_300401807514_444_VPM_1.jpg
verre_specifique;18;https://static.bhv.fr/media/3004051/300405186897/G_300405186897_444_VPM_1.jpg
verre_specifique;20;https://static.bhv.fr/media/3004060/300406087539/G_300406087539_230_VPM_1.jpg
verre_specifique;21;https://static.bhv.fr/media/3004060/300406088079/G_300406088079_384_VPM_1.jpg
verre_specifique;22;https://static.bhv.fr/media/262/26207726/G_26207726_444_VPM_1.jpg
verre_specifique;24;https://static.bhv.fr/media/710/71085505/G_71085505_444_VPM_1.jpg
verre_specifique;28;https://static.bhv.fr/media/3004037/300403736872/G_300403736872_444_VPM_1.jpg
verre_specifique;30;https://static.bhv.fr/media/3004051/300405186965/G_300405186965_444_VPM_1.jpg
verre_specifique;31;https://static.bhv.fr/media/704/70475912/G_70475912_444_VPM_1.jpg
verre_specifique;19;https://static.bhv.fr/media/3004060/300406088081/G_300406088081_453_VPM_1.jpg
verre_specifique;32;https://static.bhv.fr/media/3004051/300405186943/G_300405186943_444_VPM_1.jpg
verre_specifique;33;https://static.bhv.fr/media/707/70745280/G_70745280_444_VPM_1.jpg
verre_specifique;35;https://static.bhv.fr/media/707/70745287/G_70745287_457_VPM_1.jpg
verre_specifique;34;https://static.bhv.fr/media/707/70745277/G_70745277_444_VPM_1.jpg
verre_specifique;36;https://static.bhv.fr/media/445/44558821/G_44558821_378_VPM_1.jpg
verre_specifique;38;https://static.bhv.fr/media/704/70475919/G_70475919_444_VPM_1.jpg
verre_specifique;37;https://static.bhv.fr/media/375/37596488/G_37596488_378_VPM_1.jpg
vin_et_coktail;4;https://medias.maisonsdumonde.com/images/q_auto,f_auto/w_1000/mkp/M21056964_1/seau-a-champagne-en-metal-noir.jpg
vin_et_coktail;5;https://medias.maisonsdumonde.com/images/q_auto,f_auto/w_1000/mkp/M21084618_1/set-de-6-dessous-de-verres-carres-en-bambou.jpg
vin_et_coktail;0;https://medias.maisonsdumonde.com/image/upload/q_auto,f_auto/w_1000/img/dessous-de-verre-en-papier-motifs-graphiques-noirs-et-ecrus-x6-1000-8-26-220073_1.jpg
vin_et_coktail;6;https://medias.maisonsdumonde.com/images/q_auto,f_auto/w_1000/mkp/M21061244_1/sous-verres-ronds-bleus-d10cm-lot-de-6.jpg
vin_et_coktail;7;https://medias.maisonsdumonde.com/images/q_auto,f_auto/w_1000/mkp/M21061245_1/sous-verres-ronds-blancs-d10cm-lot-de-6.jpg
vin_et_coktail;2;https://medias.maisonsdumonde.com/image/upload/q_auto,f_auto/w_1000/img/tire-bouchon-en-metal-argente-et-acacia-1000-12-19-219533_1.jpg
vin_et_coktail;3;https://medias.maisonsdumonde.com/images/q_auto,f_auto/w_1000/mkp/M21030009_1/6-dessous-de-verre-en-bois-a-customiser-d9-5cm.jpg
vin_et_coktail;8;https://medias.maisonsdumonde.com/images/q_auto,f_auto/w_1000/mkp/M21008809_1/set-de-4-dessous-de-verres-ronds-en-corde.jpg
vin_et_coktail;10;https://medias.maisonsdumonde.com/images/q_auto,f_auto/w_1000/mkp/M21084359_1/vasque-a-champagne-en-acier-inoxydable-d34cm.jpg
vin_et_coktail;9;https://medias.maisonsdumonde.com/images/q_auto,f_auto/w_1000/mkp/M21011095_1/decapsuleur-mural-en-bois-beige-clair.jpg
vin_et_coktail;11;https://medias.maisonsdumonde.com/images/q_auto,f_auto/w_1000/mkp/M21062091_1/frio-gaine-rafraichissante-pour-vin-et-champagne-24cm.jpg
vin_et_coktail;14;https://medias.maisonsdumonde.com/images/q_auto,f_auto/w_1000/mkp/M20052698_1/tire-bouchon-elephant.jpg
vin_et_coktail;16;https://medias.maisonsdumonde.com/images/q_auto,f_auto/w_1000/mkp/M21112935_1/sous-verre-marron-en-acier-et-silicone-oe9-4xh1-5cm.jpg
vin_et_coktail;25;https://medias.maisonsdumonde.com/images/q_auto,f_auto/w_1000/mkp/M21094878_1/doseur-a-cocktail-en-acier-beige.jpg
vin_et_coktail;26;https://medias.maisonsdumonde.com/images/q_auto,f_auto/w_1000/mkp/M21041185_1/pilon-a-cocktail-et-mojito-en-acier-inoxydable-22-5-cm.jpg
vin_et_coktail;27;https://medias.maisonsdumonde.com/images/q_auto,f_auto/w_1000/mkp/M21039209_1/pompe-a-vide-conservateur-de-vins-tranquilles.jpg
vin_et_coktail;28;https://medias.maisonsdumonde.com/images/q_auto,f_auto/w_1000/mkp/M21119057_1/set-de-6-sous-verres-mandalas.jpg
vin_et_coktail;29;https://medias.maisonsdumonde.com/images/q_auto,f_auto/w_1000/mkp/M20048893_1/tire-bouchon-a-vis-sans-fin-en-chene-18cm.jpg
vin_et_coktail;30;https://medias.maisonsdumonde.com/images/q_auto,f_auto/w_1000/mkp/M21056962_1/seau-a-glacons-double-paroi-en-metal-chrome.jpg
vin_et_coktail;31;https://medias.maisonsdumonde.com/images/q_auto,f_auto/w_1000/mkp/M21054046_1/pompe-a-vide-avec-3-bouchons.jpg
vin_et_coktail;32;https://medias.maisonsdumonde.com/images/q_auto,f_auto/w_1000/mkp/M21003433_1/set-tire-bouchon-electrique-pompe-en-plastique-noir.jpg
vin_et_coktail;33;https://medias.maisonsdumonde.com/images/q_auto,f_auto/w_1000/mkp/M20047031_1/doseur-a-cocktail-2-4-cl-8cm.jpg
vin_et_coktail;35;https://medias.maisonsdumonde.com/images/q_auto,f_auto/w_1000/mkp/M21095017_1/agitateur-en-acier-noir.jpg
vin_et_coktail;34;https://medias.maisonsdumonde.com/images/q_auto,f_auto/w_1000/mkp/M21052802_1/pompe-a-vide-vins-tranquilles-et-effervescents.jpg
vin_et_coktail;36;https://medias.maisonsdumonde.com/images/q_auto,f_auto/w_1000/mkp/M20047111_1/dessous-de-bouteille.jpg
vin_et_coktail;37;https://medias.maisonsdumonde.com/images/q_auto,f_auto/w_1000/mkp/M20047032_1/cuillere-a-cocktail-30cm.jpg
bouilloire;32;https://static.bhv.fr/media/3004022/300402220776/G_300402220776_493_VPM_1.jpg
bouilloire;29;https://static.bhv.fr/media/3004022/300402220776/G_300402220776_178_VPM_1.jpg
coquetier;31;https://www.nordicnest.fr/assets/blobs/rorstrand-coquetier-swedish-grace-rose-coquetiers/p_26278-05-01-dcd4f7a746.jpg?preset=tiny&dpr=1.5
